1	KLF4_MOUSE.H11MO.0.A	6	2.58073e-06	0.00137037	0.00145599	7	GGGTGGG	TGGAGTGGGTGTGGC	+
3	KLF4_MOUSE.H11MO.0.A	2	8.44677e-08	4.48524e-05	8.73834e-05	7	CACACCC	GCCACACCCACTCCA	-
