2	SOX2_MOUSE.H11MO.1.A	3	3.73452e-08	1.98303e-05	3.86964e-05	7	CTTTGTT	TTCCTTTGTTCTG	+
2	SOX2_MOUSE.H11MO.0.A	2	9.75353e-06	0.00517912	0.00144377	7	CTTTGTT	TCCTTTGTTATGCAAA	+
